处方号,患者编号,药品,数量,费用
RX20260926001,P10001,阿莫西林胶囊,3,45.60
RX20260926002,P10002,布洛芬缓释片,2,28.00
RX20260926003,P10003,硝苯地平控释片,5,120.50
RX20260926004,P10004,头孢克肟分散片,4,88.00
RX20260926005,P10005,氯雷他定片,2,36.00
RX20260926006,P10006,复方甘草口服液,1,15.50
RX20260926007,P10007,阿托伐他汀钙片,3,150.00
RX20260926008,P10008,氨氯地平片,6,520.00
RX20260926009,P10009,奥美拉唑肠溶胶囊,12,12800.00
RX20260926010,P10010,二甲双胍片,600,96.00
RX20260926011,P10011,,2,30.00
RX20260926012,,多潘立酮片,2,25.00
RX20260926013,P10013,蒙脱石散,两盒,40.00
RX20260926001,P10014,阿莫西林胶囊,1,15.20
